{"cameraMode":{"drawMode":0,"name":"Shaded","section":"Shading Mode"},"sceneLighting":true,"audioPlay":false,"sceneViewState":{"showFog":true,"showMaterialUpdate":false,"showSkybox":true,"showFlares":true,"showImageEffects":true,"showParticleSystems":true},"in2DMode":false,"pivot":{"x":-162.85154724121095,"y":211.22349548339845,"z":420.9542236328125},"rotation":{"x":-0.07016773521900177,"y":-0.12565450370311738,"z":-0.008910215459764004,"w":0.9895511269569397},"size":681.615966796875,"orthographic":false}