{"cameraMode":{"drawMode":0,"name":"Shaded","section":"Shading Mode"},"sceneLighting":false,"audioPlay":false,"sceneViewState":{"showFog":true,"showMaterialUpdate":false,"showSkybox":true,"showFlares":true,"showImageEffects":true,"showParticleSystems":true},"in2DMode":false,"pivot":{"x":290.0037536621094,"y":-471.30230712890627,"z":1072.4306640625},"rotation":{"x":0.20678724348545075,"y":0.1131378635764122,"z":-0.024114582687616349,"w":0.971589982509613},"size":1563.609130859375,"orthographic":false}