{"cameraMode":{"drawMode":0,"name":"Shaded","section":"Shading Mode"},"sceneLighting":false,"audioPlay":false,"sceneViewState":{"showFog":true,"showMaterialUpdate":false,"showSkybox":false,"showFlares":true,"showImageEffects":true,"showParticleSystems":true},"in2DMode":false,"pivot":{"x":51.357051849365237,"y":241.91656494140626,"z":-615.3370971679688},"rotation":{"x":0.0820055902004242,"y":0.7353492379188538,"z":-0.09046328067779541,"w":0.6666563749313355},"size":31.28621482849121,"orthographic":false}