{"cameraMode":{"drawMode":0,"name":"Shaded","section":"Shading Mode"},"sceneLighting":false,"audioPlay":false,"sceneViewState":{"showFog":true,"showMaterialUpdate":false,"showSkybox":true,"showFlares":true,"showImageEffects":true,"showParticleSystems":true},"in2DMode":false,"pivot":{"x":31.506431579589845,"y":180.03488159179688,"z":-96.35491943359375},"rotation":{"x":-0.11223911494016648,"y":0.8100439310073853,"z":-0.5516811013221741,"w":-0.1647372543811798},"size":479.5989990234375,"orthographic":false}