{"cameraMode":{"drawMode":0,"name":"Shaded","section":"Shading Mode"},"sceneLighting":true,"audioPlay":false,"sceneViewState":{"showFog":true,"showMaterialUpdate":false,"showSkybox":true,"showFlares":true,"showImageEffects":true,"showParticleSystems":true},"in2DMode":false,"pivot":{"x":4.02545166015625,"y":39.31016540527344,"z":226.98785400390626},"rotation":{"x":-0.1107945591211319,"y":-0.6112256646156311,"z":0.08695094287395477,"w":-0.7788299918174744},"size":490.08416748046877,"orthographic":false}