{"cameraMode":{"drawMode":0,"name":"Shaded","section":"Shading Mode"},"sceneLighting":false,"audioPlay":false,"sceneViewState":{"showFog":true,"showMaterialUpdate":false,"showSkybox":true,"showFlares":true,"showImageEffects":true,"showParticleSystems":true},"in2DMode":false,"pivot":{"x":-143.1739044189453,"y":34.44746780395508,"z":-130.70477294921876},"rotation":{"x":0.19484500586986543,"y":-0.5657504200935364,"z":0.1397380530834198,"w":0.7890665531158447},"size":652.3508911132813,"orthographic":false}