{"cameraMode":{"drawMode":0,"name":"Shaded","section":"Shading Mode"},"sceneLighting":false,"audioPlay":false,"sceneViewState":{"showFog":true,"showMaterialUpdate":false,"showSkybox":true,"showFlares":true,"showImageEffects":true,"showParticleSystems":true},"in2DMode":false,"pivot":{"x":-139.42430114746095,"y":-688.0117797851563,"z":1500.7474365234375},"rotation":{"x":0.20112062990665437,"y":-0.019564680755138398,"z":0.0037294726353138687,"w":0.9795050024986267},"size":1824.2625732421875,"orthographic":false}